PeptideSequence	PrecursorMz	ProductMz	LibraryIntensity
LGGNEQVTR	487,257	860,423	100
LGGNEQVTR	487,257	503,294	53
LGGNEQVTR	487,257	803,401	50
GAGSSEPVTGLDAK	644,822	800,452	100
GAGSSEPVTGLDAK	644,822	604,331	17
GAGSSEPVTGLDAK	644,822	1016,53	16
VEATFGVDESNAK	683,827	819,389	100
VEATFGVDESNAK	683,827	966,453	56
VEATFGVDESNAK	683,827	663,295	46
YILAGVENSK	547,297	817,442	100
YILAGVENSK	547,297	633,321	54
YILAGVENSK	547,297	704,358	52
TPVISGGPYEYR	669,838	928,416	100
TPVISGGPYEYR	669,838	1041,5	48
TPVISGGPYEYR	669,838	841,384	39
TPVITGAPYEYR	683,853	956,448	100
TPVITGAPYEYR	683,853	855,4	59
TPVITGAPYEYR	683,853	1069,53	44
DGLDAASYYAPVR	699,338	855,436	100
DGLDAASYYAPVR	699,338	926,474	68
DGLDAASYYAPVR	699,338	605,341	58
ADVTPADFSEWSK	726,835	1066,48	100
ADVTPADFSEWSK	726,835	533,746	65
ADVTPADFSEWSK	726,835	584,27	23
GTFIIDPGGVIR	622,853	598,368	100
GTFIIDPGGVIR	622,853	713,395	30
GTFIIDPGGVIR	622,853	826,479	28
GTFIIDPAAVIR	636,869	626,399	100
GTFIIDPAAVIR	636,869	854,51	66
GTFIIDPAAVIR	636,869	741,426	60
LFLQFGAQGSPFLK	776,929	904,489	100
LFLQFGAQGSPFLK	776,929	1051,56	91
LFLQFGAQGSPFLK	776,929	504,319	80
